{
  "dynamic": {
    "10": 0.1889378
  },
  "greedy": {
    "10": 0.0393052
  },
  "bruteForce": {
    "10": 1.7233118
  }
}